scenario,variant,veh_scale,controller,n_seeds,veh_delay_mean_s,veh_delay_mean_s_ci95,veh_wait_mean_s,veh_wait_mean_s_ci95,veh_wait_p95_s,veh_wait_p95_s_ci95,throughput_vph,throughput_vph_ci95,ped_wait_mean_s,ped_wait_mean_s_ci95,ped_wait_p95_s,ped_wait_p95_s_ci95,ped_wait_max_s,ped_wait_max_s_ci95,co2_g_per_veh,co2_g_per_veh_ci95,nox_g_per_veh,nox_g_per_veh_ci95,mean_cycle_s,mean_cycle_s_ci95,teleports,teleports_ci95
shibuya,balanced,0.2,actuated,20,36.083,10.221,23.797,8.654,87.467,46.243,589.45,17.985,16.504,4.129,57.608,34.811,103.75,61.942,141.882,15.775,0.05,0.006,46.918,1.406,0.15,0.229
shibuya,balanced,0.2,adaptive,20,25.72,1.52,14.956,1.06,45.702,4.138,594.5,15.272,12.392,0.111,29.14,0.268,38.7,2.51,125.326,2.845,0.044,0.001,43.213,0.141,0.0,0.0
shibuya,balanced,0.2,fixed,20,26.388,1.32,15.382,0.901,47.657,3.593,594.55,15.075,12.286,0.142,28.892,0.216,38.45,2.517,126.454,2.456,0.044,0.001,41.913,0.034,0.0,0.0
shibuya,balanced,0.3,actuated,20,328.653,49.69,154.389,13.361,463.125,45.741,757.7,19.788,26.872,5.92,84.297,34.914,134.3,46.189,408.363,25.589,0.153,0.01,87.711,2.62,0.35,0.462
shibuya,balanced,0.3,adaptive,20,113.781,33.484,64.687,15.01,186.692,43.72,862.65,13.592,18.048,4.542,81.817,43.686,124.9,63.252,250.792,36.244,0.091,0.014,45.342,0.51,0.55,0.536
shibuya,balanced,0.3,fixed,20,80.113,17.156,47.971,9.819,133.445,30.476,875.55,13.776,15.082,4.034,54.542,36.869,78.65,59.556,212.693,24.35,0.076,0.009,41.9,0.03,0.2,0.288
shibuya,balanced,0.4,actuated,20,941.804,85.607,204.222,10.148,623.795,46.222,740.25,28.671,39.342,7.255,181.142,55.344,285.65,84.836,503.401,17.373,0.19,0.007,95.782,0.779,1.15,0.593
shibuya,balanced,0.4,adaptive,20,420.458,45.193,121.633,6.743,272.162,36.693,971.2,20.72,15.625,3.595,57.705,32.567,87.95,50.966,408.527,14.845,0.152,0.006,45.206,0.835,0.25,0.298
shibuya,balanced,0.4,fixed,20,396.042,59.871,117.599,8.625,242.132,25.812,990.35,20.831,16.422,6.62,54.132,36.735,82.6,65.158,403.442,19.842,0.15,0.008,41.884,0.026,0.25,0.425
shibuya,balanced,0.5,actuated,20,1354.793,80.929,201.966,9.481,633.755,61.251,770.55,33.742,34.115,12.974,104.52,46.335,224.5,109.04,500.484,14.42,0.189,0.006,98.959,0.532,0.8,0.671
shibuya,balanced,0.5,adaptive,20,874.297,46.943,137.393,4.075,281.542,35.235,985.8,20.023,16.168,3.907,59.407,34.334,100.45,57.467,453.146,7.27,0.169,0.003,45.966,1.166,0.45,0.467
shibuya,balanced,0.5,fixed,20,848.512,47.292,136.931,4.305,261.447,35.275,999.35,21.378,15.086,4.746,48.12,31.374,75.3,57.967,456.772,7.89,0.17,0.003,41.921,0.025,0.25,0.368
shibuya,balanced,0.75,actuated,20,2088.13,59.347,223.687,8.445,681.212,63.241,774.8,33.424,32.585,10.554,105.46,48.382,200.25,108.628,541.185,13.044,0.205,0.005,99.729,0.367,0.7,0.804
shibuya,balanced,0.75,adaptive,20,1730.374,39.223,141.914,3.706,266.527,34.031,1000.35,19.573,14.982,3.944,52.152,33.729,73.8,49.983,466.78,6.011,0.174,0.002,42.286,0.398,0.25,0.368
shibuya,balanced,0.75,fixed,20,1860.393,35.017,170.621,3.667,363.605,21.256,921.55,18.524,19.98,5.489,75.955,41.565,123.0,71.072,492.796,6.06,0.185,0.002,55.959,0.0,0.35,0.348
shibuya,balanced,1.0,actuated,20,2462.461,50.181,226.651,9.214,683.432,61.804,778.9,34.669,34.904,10.357,120.605,53.649,195.4,88.839,545.606,14.696,0.207,0.006,99.917,0.458,0.8,0.721
shibuya,balanced,1.0,adaptive,20,2211.187,37.526,146.149,5.279,287.267,47.043,991.1,26.045,18.7,6.651,78.45,48.193,112.05,69.913,475.583,8.323,0.178,0.003,42.512,0.513,0.3,0.307
shibuya,balanced,1.0,fixed,20,2462.083,35.803,232.018,5.457,752.247,38.316,771.85,25.776,34.376,5.401,113.13,39.149,198.8,65.471,545.885,8.763,0.207,0.004,120.0,0.0,0.6,0.465
shibuya,unbalanced,1.0,actuated,20,1055.853,61.34,52.595,2.225,156.8,16.902,583.85,13.726,18.087,1.162,49.292,6.206,86.5,29.266,241.351,3.643,0.086,0.001,63.001,0.739,0.05,0.104
shibuya,unbalanced,1.0,adaptive,20,1011.519,35.174,44.159,2.188,156.807,10.509,562.75,12.259,16.54,3.437,52.555,28.947,106.75,49.566,220.622,3.571,0.078,0.001,65.72,0.901,0.2,0.244
shibuya,unbalanced,1.0,fixed,20,1193.307,64.062,62.371,3.737,157.512,19.772,571.05,13.212,22.25,8.456,86.362,50.448,132.55,85.398,262.227,6.127,0.094,0.002,50.943,0.0,0.45,0.491
simple,balanced,0.25,actuated,20,9.556,0.186,4.247,0.12,14.8,0.192,532.8,12.939,9.312,0.178,23.497,0.453,33.75,2.017,63.353,0.509,0.022,0.0,33.104,0.158,0.0,0.0
simple,balanced,0.25,adaptive,20,8.355,0.292,3.744,0.154,15.562,0.278,532.45,13.282,8.335,0.198,20.512,0.283,26.2,0.978,58.724,1.038,0.02,0.0,40.913,0.755,0.0,0.0
simple,balanced,0.25,fixed,20,8.294,0.186,3.745,0.125,15.587,0.231,533.65,13.057,13.674,0.276,31.957,0.331,38.0,1.295,58.252,0.543,0.02,0.0,42.903,0.039,0.0,0.0
simple,balanced,0.5,actuated,20,9.938,0.151,3.938,0.099,14.6,0.235,1070.75,13.26,12.859,0.347,32.252,1.304,46.4,2.301,65.524,0.436,0.022,0.0,39.163,0.337,0.0,0.0
simple,balanced,0.5,adaptive,20,9.036,0.215,3.549,0.104,15.55,0.239,1070.1,13.403,10.752,0.254,25.442,0.743,36.35,1.853,62.226,0.718,0.021,0.0,45.261,0.875,0.0,0.0
simple,balanced,0.5,fixed,20,8.696,0.106,3.486,0.055,15.05,0.104,1067.85,12.925,18.419,0.549,40.36,0.391,46.15,0.875,60.016,0.364,0.021,0.0,51.943,0.071,0.0,0.0
simple,balanced,0.75,actuated,20,10.417,0.189,3.613,0.092,14.8,0.192,1604.7,15.659,18.227,0.53,44.53,0.733,54.05,1.489,64.197,0.362,0.022,0.0,50.281,0.511,0.0,0.0
simple,balanced,0.75,adaptive,20,9.454,0.172,3.151,0.072,14.9,0.144,1606.25,15.541,15.661,0.361,38.11,1.254,57.35,4.161,61.853,0.618,0.021,0.0,54.63,0.867,0.0,0.0
simple,balanced,0.75,fixed,20,9.022,0.172,3.147,0.086,14.95,0.104,1608.7,15.583,25.165,0.62,54.513,0.399,61.2,0.839,58.766,0.377,0.02,0.0,67.059,0.052,0.0,0.0
simple,balanced,1.0,actuated,20,19.906,1.508,5.474,0.175,16.0,0.0,2140.15,16.289,22.119,0.539,48.203,0.641,55.0,0.773,67.865,0.39,0.023,0.0,58.43,0.259,0.0,0.0
simple,balanced,1.0,adaptive,20,10.051,0.206,2.664,0.082,13.9,0.144,2147.3,17.341,27.271,0.829,67.77,2.777,94.3,3.421,57.556,0.445,0.02,0.0,73.87,1.352,0.0,0.0
simple,balanced,1.0,fixed,20,9.658,0.254,2.625,0.076,14.575,0.231,2150.8,16.338,37.905,0.663,78.995,0.587,86.25,1.24,54.405,0.267,0.019,0.0,92.816,0.054,0.0,0.0
